"","s.BP","s.VM","index","stat","p.value"
"Otu100_Ostracoda",1,0,1,0.13400959169556,1e-04
"Otu101_Oncaeidae",0,1,2,0.133885244035016,3e-04
"Otu102_Arthropoda",0,1,2,0.131263855196933,0.0142
"Otu104_Eukaryota",0,1,2,0.268719070677306,4e-04
"Otu105_Hexanauplia",1,0,1,0.0549989627509374,0.4921
"Otu106_Eukaryota",1,0,1,0.130188910980824,1
"Otu107_NA",1,0,1,0.132751631067347,2e-04
"Otu108_Triconia",1,0,1,0.0801788765953235,0.4995
"Otu110_Rhopalonematidae",1,0,1,0.106347694326152,0.743
"Otu111_Scolecithricella",0,1,2,0.170062444668618,1e-04
"Otu112_Eukaryota",1,0,1,0.0248566877333113,0.8685
"Otu114_Lestrolepis",0,1,2,0.172170097855438,1e-04
"Otu115_NA",0,1,2,0.209895181113171,0.1073
"Otu117_Hexanauplia",0,1,2,0.224004129088205,4e-04
"Otu118_Hexanauplia",0,1,2,0.130188910980824,1
"Otu120_Eucidaris",0,1,2,0.00110618514064521,0.9977
"Otu121_Hexanauplia",1,0,1,0.131697009068122,2e-04
"Otu122_Arthropoda",1,0,1,0.133186424026049,1e-04
"Otu123_NA",1,0,1,0.132661771888538,2e-04
"Otu124_Hydrozoa",1,0,1,0.135193937595613,0.3458
"Otu125_Arthropoda",0,1,2,0.130709314365778,0.1604
"Otu126_Delibus",0,1,2,0.139518201907097,0.4935
"Otu128_Acartia",1,0,1,0.135920135312769,1e-04
"Otu129_Gastropoda",0,1,2,0.162021275095373,6e-04
"Otu13_Hexanauplia",0,1,2,0.210435808143798,0.0324
"Otu130_Mollusca",0,1,2,0.0419849114872165,0.7588
"Otu132_NA",1,0,1,0.117391431730157,0.9615
"Otu133_Diadumene",1,0,1,0.133999601347796,1e-04
"Otu134_NA",0,1,2,0.129941527082011,0.6226
"Otu135_Eukaryota",1,0,1,0.131743084266019,2e-04
"Otu136_Subeucalanus",0,1,2,0.164451979102068,0.4917
"Otu137_Bopyridae",1,0,1,0.133814270892965,1e-04
"Otu138_Clausocalanus",1,0,1,0.0206666543388724,0.8029
"Otu140_Gastropoda",0,1,2,0.139221920555985,0.2375
"Otu141_NA",0,1,2,0.134274119076102,8e-04
"Otu142_Arthropoda",0,1,2,0.129368765242297,0.7527
"Otu143_Arthropoda",0,1,2,0.161925417095595,0.0176
"Otu144_Arthropoda",1,0,1,0.132666973665407,3e-04
"Otu145_Arthropoda",0,1,2,0.131209796180281,0.0934
"Otu148_Eukaryota",0,1,2,0,1
"Otu149_Gastropoda",1,0,1,0.617695713680689,1e-04
"Otu152_NA",0,1,2,0.133493538130032,0.0013
"Otu153_Clausocalanidae",0,1,2,0.131710961131846,0.0663
"Otu156_Arthropoda",0,1,2,0.131251314650687,0.0822
"Otu157_Chordata",1,0,1,0.101020398808554,0.4366
"Otu158_Gastropoda",0,1,2,0.132187190439716,0.012
"Otu16_Hexanauplia",0,1,2,0.199194853481474,0.1319
"Otu161_Euphausia",1,0,1,0.16513830915902,0.3721
"Otu163_Proceroecia",0,1,2,0.0185499330921296,1
"Otu165_Oithona",0,1,2,0.173246525866093,0.1924
"Otu166_Annelida",1,0,1,0.133130945864003,0.0022
"Otu168_Arthropoda",0,1,2,0.131111153009943,0.0319
"Otu17_Arthropoda",0,1,2,0.101053410575754,0.4718
"Otu170_Gastropoda",1,0,1,0.13006478400716,0.5848
"Otu172_Eukaryota",1,0,1,0.13399744538792,0.2379
"Otu174_Littorinimorpha",1,0,1,0.132323380261548,6e-04
"Otu176_Eukaryota",0,1,2,0.027359312405373,0.9733
"Otu177_Arthropoda",1,0,1,0.130613932849682,0.2258
"Otu178_Paracalanus",1,0,1,0.0874499725187284,0.9513
"Otu179_Leptothecata",1,0,1,0.130191034497769,0.5095
"Otu18_Cnidaria",0,1,2,0.185342391248016,0.1588
"Otu180_NA",0,1,2,0.135857609241812,3e-04
"Otu181_Cosmocalanus",0,1,2,0.12991176202403,0.5469
"Otu182_NA",1,0,1,0.128070423199591,0.3419
"Otu183_Porifera",0,1,2,0.132284200995235,0.0057
"Otu185_Hexanauplia",0,1,2,0.157155116858594,1e-04
"Otu186_NA",0,1,2,0.1313190317608,0.1773
"Otu187_Eukaryota",1,0,1,0.132017385098212,0.2332
"Otu188_NA",1,0,1,0.131228916337263,0.1514
"Otu19_Oncaeidae",0,1,2,0.0544932967605068,0.6621
"Otu192_Eukaryota",0,1,2,0.150313774146743,1e-04
"Otu194_NA",0,1,2,0.152809727177167,1e-04
"Otu195_Acrocalanus",0,1,2,0.131034567593016,0.0598
"Otu196_Hydrozoa",0,1,2,0.129281580715276,0.8126
"Otu197_Scyphozoa",0,1,2,0.131640707981363,0.0469
"Otu198_Hexanauplia",0,1,2,0.151251237823634,0.0014
"Otu199_Pseudevadne",0,1,2,0.135997909235619,9e-04
"Otu202_Hexanauplia",0,1,2,0.130342397562739,0.4432
"Otu203_NA",0,1,2,0.158699919244324,0.0045
"Otu204_Eukaryota",0,1,2,0.138451858617787,3e-04
"Otu205_Cnidaria",0,1,2,0.10794819569104,0.6873
"Otu207_Canthocalanus",0,1,2,0.130546310792203,0.2493
"Otu208_Arthropoda",1,0,1,0.133472814285049,1e-04
"Otu209_NA",1,0,1,0.130188910980824,1
"Otu21_Artemia",0,1,2,0.135093034968801,0.3275
"Otu210_Hexanauplia",0,1,2,0.131291014135618,0.0178
"Otu213_Anthoathecata",0,1,2,0.131244004899995,0.0151
"Otu214_Arthropoda",0,1,2,0.482523681072474,1e-04
"Otu216_Archiconchoecia",0,1,2,0.129231657925918,0.7337
"Otu217_Agalma",0,1,2,0.131474000520576,0.0292
"Otu218_Enoplea",0,1,2,0.132873932455666,8e-04
"Otu219_Arthropoda",1,0,1,0.436556606133114,1e-04
"Otu221_Arthropoda",0,1,2,0.131322903163237,0.0185
"Otu222_NA",1,0,1,0.218101083532927,0.0945
"Otu223_Eukaryota",0,1,2,0.0788926156363885,0.6969
"Otu226_Arthropoda",0,1,2,0.131348238248658,0.0081
"Otu227_Arthropoda",1,0,1,0.134509295931348,4e-04
"Otu228_Scyphozoa",0,1,2,0.131640126100623,0.0039
"Otu229_Eukaryota",1,0,1,0.184520782823564,0.4942
"Otu23_Euchaeta",0,1,2,0.198783273097501,0.0099
"Otu230_Hexanauplia",0,1,2,0.154031449304958,0.2714
"Otu233_Arthropoda",0,1,2,0.0256870578906808,0.8497
"Otu234_Platyhelminthes",1,0,1,0.181438569987937,1e-04
"Otu235_Decapoda",0,1,2,0.132339430646368,0.0126
"Otu237_Arthropoda",1,0,1,0.5082784063969,2e-04
"Otu239_NA",1,0,1,0.0583477622319162,0.6782
"Otu24_Arthropoda",0,1,2,0.0920641483165472,0.4852
"Otu242_NA",1,0,1,0.117809380962157,0.4942
"Otu247_Demospongiae",0,1,2,0.148240790942373,3e-04
"Otu252_Subeucalanus",0,1,2,0.131449673522286,0.0089
"Otu255_Arthropoda",0,1,2,0.133973812295933,7e-04
"Otu257_Eukaryota",0,1,2,0.394773952804966,0.0015
"Otu259_Mollusca",0,1,2,0.134965387162728,9e-04
"Otu26_NA",1,0,1,0.131010696129236,1e-04
"Otu262_Eukaryota",1,0,1,0.131345782599091,0.0038
"Otu264_Cheilostomatida",0,1,2,0.134293932648965,0.0018
"Otu266_Cnidaria",1,0,1,0.0337778640774521,0.8074
"Otu268_Anthoathecata",0,1,2,0.130188910980824,1
"Otu270_NA",0,1,2,0.723877754765905,1e-04
"Otu272_Stylophora",0,1,2,0.135463627496586,9e-04
"Otu273_Arthropoda",0,1,2,0.163856665640873,0.2241
"Otu274_Eukaryota",1,0,1,0.131297516282198,0.022
"Otu275_Arthropoda",0,1,2,0.185218265406615,0.1562
"Otu276_Eukaryota",1,0,1,0.130966110320518,0.0589
"Otu277_NA",1,0,1,0.448092755010836,1e-04
"Otu278_Eukaryota",0,1,2,0.221826496869283,0.1111
"Otu282_Chordata",1,0,1,0.129286473866172,0.383
"Otu283_Eukaryota",0,1,2,0.489542999195873,2e-04
"Otu284_Candacia",0,1,2,0.132657251164812,0.3419
"Otu285_Hexanauplia",0,1,2,0.137588548891259,5e-04
"Otu288_Arthropoda",1,0,1,0.133369340818177,3e-04
"Otu29_Hexanauplia",0,1,2,0.132829471608591,4e-04
"Otu291_Trapezia",1,0,1,0.129185222862339,0.7321
"Otu293_Clausocalanus",1,0,1,0.130188910980824,1
"Otu296_Eukaryota",0,1,2,0.311426862203851,0.0135
"Otu297_NA",1,0,1,0.732906157488995,1e-04
"Otu30_NA",1,0,1,0.13279257905235,3e-04
"Otu300_Ctenocalanus",0,1,2,0.0753259203630701,0.8074
"Otu302_NA",1,0,1,0.0357840596265503,0.8141
"Otu304_Paracalanidae",0,1,2,0.134401399449245,3e-04
"Otu305_NA",0,1,2,0.469711292276801,3e-04
"Otu306_Eukaryota",0,1,2,0.324378344459043,0.0124
"Otu307_Oithona",0,1,2,0.123571928554213,0.7177
"Otu308_Eukaryota",1,0,1,0.0334366096823022,0.8059
"Otu309_Arthropoda",0,1,2,0.0287979595311559,0.8342
"Otu312_Arthropoda",1,0,1,0.15445369522985,0.2218
"Otu313_Eukaryota",1,0,1,0.490854050965222,1e-04
"Otu315_Eukaryota",1,0,1,0.162210356404659,0.2261
"Otu319_Oithona",0,1,2,0.174892757492872,0.0236
"Otu32_Arthropoda",0,1,2,0.0773963165366701,0.5199
"Otu320_NA",0,1,2,0.462332809162017,3e-04
"Otu321_NA",1,0,1,0.131687497391821,0.1445
"Otu323_Eukaryota",1,0,1,0.35737906317973,0.0052
"Otu324_Arthropoda",0,1,2,0.245652828675901,0.0554
"Otu325_Paracalanus",0,1,2,0.128700499792679,0.5477
"Otu326_Cnidaria",1,0,1,0.700355587009406,1e-04
"Otu329_Arthropoda",0,1,2,0.134514920386131,0.0014
"Otu33_Neogastropoda",1,0,1,0.130210016677744,0.4959
"Otu330_Hydrozoa",0,1,2,0.130195624522246,0.7572
"Otu331_NA",1,0,1,0.437680346007783,1e-04
"Otu332_Eukaryota",0,1,2,0.130188910980824,1
"Otu333_NA",1,0,1,0.129261013450411,0.8477
"Otu334_Eukaryota",0,1,2,0.133691480391595,0.0015
"Otu335_Stylommatophora",0,1,2,0.126214343596753,0.7207
"Otu337_Eukaryota",1,0,1,0.486772953360966,1e-04
"Otu338_Eukaryota",1,0,1,0.133026963799117,0.0041
"Otu339_Eukaryota",0,1,2,0.351118372042739,0.0047
"Otu34_NA",1,0,1,0.185371425056395,0.0011
"Otu340_NA",1,0,1,0.131323251148689,0.0489
"Otu343_Eukaryota",0,1,2,0.367887409824021,0.0036
"Otu344_Eukaryota",1,0,1,0.132697517902267,0.0102
"Otu348_NA",1,0,1,0.467223821987939,2e-04
"Otu350_Farranula",0,1,2,0.20370595421351,0.0109
"Otu351_NA",0,1,2,0.775398019807026,1e-04
"Otu352_NA",1,0,1,0.304290309725092,0.0064
"Otu354_Cyclopoida",0,1,2,0.134518542113223,0.0011
"Otu356_Platyhelminthes",1,0,1,0.13361366148757,0.0021
"Otu357_Calocalanus",0,1,2,0.13842919783784,3e-04
"Otu358_Calanoida",0,1,2,0.132127135233254,0.1124
"Otu363_Arthropoda",0,1,2,0.466808400455571,2e-04
"Otu364_Hydrozoa",0,1,2,0.134339927635849,5e-04
"Otu365_NA",0,1,2,0.133733458568175,0.007
"Otu366_Eukaryota",0,1,2,0.264304357839925,0.0451
"Otu369_NA",0,1,2,0.249730502075494,0.0587
"Otu371_Chordata",0,1,2,0.083936790522759,0.5429
"Otu373_Eukaryota",1,0,1,0.572703638557637,1e-04
"Otu374_NA",0,1,2,0.0811047148354597,0.5532
"Otu375_Cnidaria",0,1,2,0.135533937279882,0.0024
"Otu377_Eukaryota",0,1,2,0.395786994700214,0.0013
"Otu378_Eukaryota",1,0,1,0.185695338177052,0.4932
"Otu379_NA",0,1,2,0.133437117274184,0.3161
"Otu38_Eukaryota",0,1,2,0.0506639081214238,0.8269
"Otu385_Ctenophora",1,0,1,0.131081824461716,0.3364
"Otu386_Calanoida",0,1,2,0.131738634726332,0.1869
"Otu387_Eukaryota",0,1,2,0.44305858043459,4e-04
"Otu388_Hydrozoa",1,0,1,0.566265802727475,1e-04
"Otu389_Nemertea",0,1,2,0.131424631265816,0.2558
"Otu393_NA",1,0,1,0.4465676890834,1e-04
"Otu394_Hydrozoa",0,1,2,0.130188910980824,1
"Otu395_Agalmatidae",1,0,1,0.130961290353054,0.399
"Otu396_Eukaryota",0,1,2,0.479577143900286,3e-04
"Otu397_NA",1,0,1,0.130393459962323,0.4835
"Otu398_NA",0,1,2,0.474746528209019,1e-04
"Otu399_Sagittoidea",0,1,2,0.149553915487773,0.3318
"Otu40_Clausocalanus",0,1,2,0.15673222624394,0.2352
"Otu404_NA",1,0,1,0.718835697487874,1e-04
"Otu405_NA",1,0,1,0.56310416084226,1e-04
"Otu406_Arthropoda",0,1,2,0.0717050223948733,0.6139
"Otu407_NA",1,0,1,0.476477286811875,4e-04
"Otu408_Arthropoda",1,0,1,0.136570022474467,0.0046
"Otu409_Hydrozoa",0,1,2,0.130203744577041,0.7511
"Otu41_NA",0,1,2,0.211690823759961,0.0493
"Otu410_NA",0,1,2,0.152427690212423,0.4878
"Otu411_Chordata",0,1,2,0.470550677268802,3e-04
"Otu413_NA",0,1,2,0.339946263618482,0.0077
"Otu414_Eukaryota",0,1,2,0.481571330330887,1e-04
"Otu418_Chordata",1,0,1,0.57656360365731,1e-04
"Otu42_Arthropoda",1,0,1,0.135207649096786,0.1112
"Otu420_NA",1,0,1,0.59735418706029,1e-04
"Otu421_NA",0,1,2,0.464772308925363,3e-04
"Otu422_Arthropoda",1,0,1,0.463107130921931,2e-04
"Otu424_Eukaryota",1,0,1,0.0997770359177664,0.436
"Otu425_NA",1,0,1,0.757564185659787,1e-04
"Otu426_Cnidaria",1,0,1,0.131267764504931,0.4183
"Otu432_NA",1,0,1,0.604222408963339,1e-04
"Otu433_NA",1,0,1,0.00175907278239359,1
"Otu435_Hydrozoa",0,1,2,0.350565180106655,0.0053
"Otu436_NA",1,0,1,0.134077405881124,0.0053
"Otu437_Arthropoda",0,1,2,0.0118052741556316,0.9356
"Otu439_Mollusca",0,1,2,0.305750080109992,0.0157
"Otu44_Oithona",0,1,2,0.156525052330634,0.0062
"Otu440_Arthropoda",1,0,1,0.176173193277355,0.4722
"Otu441_NA",0,1,2,0.0526997526362886,0.6948
"Otu443_Eukaryota",0,1,2,0.456828909591809,3e-04
"Otu446_Actinopteri",1,0,1,0.128784203569005,0.7847
"Otu447_NA",0,1,2,0.0400226430305304,0.7755
"Otu449_NA",1,0,1,0.133070630818332,0.1671
"Otu45_Hexanauplia",1,0,1,0.0345126335533524,0.8512
"Otu450_NA",1,0,1,0.00200155781820976,1
"Otu451_Eukaryota",1,0,1,0.114127672490684,0.4057
"Otu454_NA",1,0,1,0.081094380097668,0.7451
"Otu456_Leptothecata",1,0,1,0.130794164206496,0.4824
"Otu458_NA",0,1,2,0.430038255352858,5e-04
"Otu459_NA",1,0,1,0.567796886593565,1e-04
"Otu46_Acartia",1,0,1,0.123933948652381,0.4257
"Otu460_Arthropoda",0,1,2,0.242549696084704,0.0656
"Otu461_Eukaryota",0,1,2,0.115029823280232,0.4016
"Otu462_NA",0,1,2,0.441507386263027,3e-04
"Otu463_Chordata",1,0,1,0.0979031477568688,0.5487
"Otu464_Arthropoda",1,0,1,0.191994417401876,0.149
"Otu465_NA",1,0,1,0.488473989912164,1e-04
"Otu467_NA",0,1,2,0.076252037786701,0.5846
"Otu468_Eukaryota",1,0,1,0.464027063495234,1e-04
"Otu469_Oncaea",1,0,1,0.130188910980824,1
"Otu471_Eukaryota",0,1,2,0.369230809355614,0.0033
"Otu474_NA",1,0,1,0.667451695334081,1e-04
"Otu475_NA",1,0,1,0.158048587162972,0.3621
"Otu477_NA",1,0,1,0.459288653454128,2e-04
"Otu479_Porifera",0,1,2,0.122695317702069,0.3661
"Otu481_Arthropoda",0,1,2,0.477328470021857,2e-04
"Otu482_Echinodermata",1,0,1,0.435230686931038,5e-04
"Otu485_Malacostraca",1,0,1,0.315126458470962,0.0077
"Otu487_Monostilifera",0,1,2,0.131563360999031,0.2973
"Otu489_Eukaryota",1,0,1,0.127783125122268,0.9684
"Otu49_Undinula",1,0,1,0.032249344642658,0.8015
"Otu490_Eukaryota",1,0,1,0.469198109698463,1e-04
"Otu492_NA",1,0,1,0.0752885932366923,0.5905
"Otu493_Cnidaria",1,0,1,0.45040251623433,1e-04
"Otu495_NA",0,1,2,0.551452492962273,1e-04
"Otu497_NA",0,1,2,0.45251561473079,1e-04
"Otu499_NA",0,1,2,0.0621174012742502,0.6691
"Otu5_Pterioida",1,0,1,0.196195460865502,0.0052
"Otu50_Scyphozoa",1,0,1,0.162807960723387,0.2367
"Otu501_Eukaryota",1,0,1,0.399446727386461,6e-04
"Otu502_NA",1,0,1,0.00323906284148154,1
"Otu504_Demospongiae",1,0,1,0.26837809275352,0.0428
"Otu506_NA",0,1,2,0.686227112276587,1e-04
"Otu507_NA",1,0,1,0.472369861674558,1e-04
"Otu509_Anthoathecata",1,0,1,0.441557025937043,2e-04
"Otu51_Arthropoda",0,1,2,0.0367187679204585,0.7466
"Otu511_NA",0,1,2,0.456777029599102,3e-04
"Otu512_NA",0,1,2,0.477032100302552,3e-04
"Otu513_NA",0,1,2,0.413770453005584,4e-04
"Otu514_NA",1,0,1,0.0819219453228112,0.5483
"Otu516_Annelida",1,0,1,0.0028559773898877,0.9926
"Otu519_NA",0,1,2,0.457418668008814,3e-04
"Otu52_Hexanauplia",1,0,1,0.135457831531634,1e-04
"Otu522_NA",1,0,1,0.0216732808524565,0.8936
"Otu525_Arthropoda",1,0,1,0.625498842764385,1e-04
"Otu526_NA",0,1,2,0.438970060692731,3e-04
"Otu527_NA",1,0,1,0.207692275087557,0.1207
"Otu529_NA",0,1,2,0.132728501979257,0.3287
"Otu53_Polychaeta",1,0,1,0.133131651973107,0.0096
"Otu530_Eukaryota",0,1,2,0.408462749399271,8e-04
"Otu531_NA",1,0,1,0.2981905849678,0.0151
"Otu533_NA",1,0,1,0.60302179413312,1e-04
"Otu534_NA",1,0,1,0.495923744340567,1e-04
"Otu536_Eukaryota",0,1,2,0.468895620882628,1e-04
"Otu544_NA",0,1,2,0.47032816025503,3e-04
"Otu55_Hexanauplia",0,1,2,0.0694316378205646,0.5449
"Otu551_Eukaryota",0,1,2,0.139362840251654,0.2977
"Otu552_NA",1,0,1,0.0590201589905495,0.6555
"Otu553_Arthropoda",1,0,1,0.132460886600943,0.142
"Otu554_Eukaryota",1,0,1,0.184710975985875,0.1718
"Otu555_NA",0,1,2,0.45557375257523,3e-04
"Otu556_NA",0,1,2,0.483551929089371,2e-04
"Otu557_Arthropoda",1,0,1,0.638374076278371,1e-04
"Otu56_Arthropoda",1,0,1,0.13279100574597,1e-04
"Otu560_Eukaryota",1,0,1,0.44877022233087,2e-04
"Otu561_Arthropoda",0,1,2,0.132263089568304,0.0433
"Otu565_NA",0,1,2,0.108206859323836,0.4431
"Otu566_Demospongiae",1,0,1,0.365821467447471,0.0037
"Otu567_Gastrotricha",1,0,1,0.130188910980824,1
"Otu568_Monostilifera",0,1,2,0.021841443609872,0.9015
"Otu569_NA",0,1,2,0.0136972647196075,0.9256
"Otu57_Eukaryota",1,0,1,0.0863033900101595,0.4896
"Otu570_NA",0,1,2,0.00419816169162533,1
"Otu571_NA",1,0,1,0.377197833212533,0.0014
"Otu573_Eukaryota",1,0,1,0.448673660179373,2e-04
"Otu576_NA",1,0,1,0.142942968724216,0.3964
"Otu577_Eukaryota",1,0,1,0.126554868625463,0.4196
"Otu578_Mollusca",1,0,1,0.128871302185563,0.752
"Otu579_Gastropoda",1,0,1,0.520610640044001,1e-04
"Otu581_Eukaryota",1,0,1,0.592208276193164,1e-04
"Otu583_Arthropoda",1,0,1,0.467527765486768,4e-04
"Otu585_Arthropoda",0,1,2,0.381766284994836,0.0012
"Otu586_Eukaryota",0,1,2,0.0595929954212601,0.6838
"Otu587_Eukaryota",1,0,1,0.242140293681379,0.0701
"Otu588_Eukaryota",1,0,1,0.471929178183009,2e-04
"Otu59_NA",1,0,1,0.127161534632719,0.9203
"Otu590_Arthropoda",1,0,1,0.338124887237279,0.0084
"Otu591_NA",1,0,1,0.130188910980824,1
"Otu592_Corycaeidae",0,1,2,0.130188910980824,1
"Otu593_Demospongiae",1,0,1,0.260798976635169,0.0475
"Otu594_NA",1,0,1,0.665219829327557,1e-04
"Otu596_Arthropoda",1,0,1,0.540178963927612,1e-04
"Otu597_Cnidaria",1,0,1,0.37060203374436,0.0042
"Otu599_Eukaryota",1,0,1,0.463921925056213,2e-04
"Otu602_NA",1,0,1,0.324815358857481,0.0111
"Otu603_Eukaryota",0,1,2,0.443393227837651,3e-04
"Otu609_NA",0,1,2,0.437194391214167,1e-04
"Otu61_Eukaryota",0,1,2,0.0808789572107177,0.6764
"Otu610_Scyphozoa",1,0,1,0.446391145217076,4e-04
"Otu612_NA",1,0,1,0,1
"Otu615_Eukaryota",1,0,1,0.454471004744424,1e-04
"Otu616_NA",1,0,1,0.167366560550567,0.2299
"Otu618_Mollusca",1,0,1,0.153448271207495,0.2648
"Otu62_Leptothecata",0,1,2,0.133938315333492,4e-04
"Otu620_Eukaryota",0,1,2,0.283888124448185,0.027
"Otu622_NA",0,1,2,0.390920267056895,0.0022
"Otu623_Hydrozoa",0,1,2,0.351046171249205,0.0059
"Otu624_Mollusca",1,0,1,0.116466697095031,0.4167
"Otu625_NA",1,0,1,0.486411560921524,1e-04
"Otu63_NA",1,0,1,0.126158948847801,0.4889
"Otu631_NA",0,1,2,0.460724733309655,1e-04
"Otu632_NA",0,1,2,0.464936075684088,1e-04
"Otu635_Arthropoda",0,1,2,0.0357016385643037,0.8301
"Otu637_Eukaryota",0,1,2,0.0898257304661681,0.507
"Otu639_Arthropoda",0,1,2,0.117505619787361,0.9295
"Otu64_Gastropoda",1,0,1,0.107383855619163,0.884
"Otu640_Eukaryota",0,1,2,0.425106685302083,4e-04
"Otu641_Eukaryota",1,0,1,0.0604259629380824,0.6732
"Otu643_Pontellina",1,0,1,0.13256817901138,2e-04
"Otu644_NA",0,1,2,0.351258027689554,0.0044
"Otu645_Cnidaria",1,0,1,0.488615272006718,1e-04
"Otu646_Eukaryota",1,0,1,0.116519130678678,0.3712
"Otu648_NA",0,1,2,0.020182923769279,0.8958
"Otu65_Arthropoda",0,1,2,0.181922331545041,0.0162
"Otu650_Eukaryota",1,0,1,0.463639199124434,4e-04
"Otu652_Eukaryota",0,1,2,0.412349222113591,4e-04
"Otu654_Cnidaria",1,0,1,0.121662360301424,0.4351
"Otu656_Mollusca",1,0,1,0.47369762966832,1e-04
"Otu657_Arthropoda",1,0,1,0.455796062642304,2e-04
"Otu662_Eukaryota",1,0,1,0.126477946014835,0.4168
"Otu663_Eukaryota",1,0,1,0.121210730312048,0.423
"Otu665_NA",1,0,1,0.479229497931825,2e-04
"Otu669_Demospongiae",1,0,1,0.426045941475874,1e-04
"Otu67_Leptochela",1,0,1,0.129841949919976,0.5982
"Otu672_NA",0,1,2,0.436745006786107,8e-04
"Otu675_Polychaeta",1,0,1,0.132788688972822,4e-04
"Otu677_Hydrozoa",0,1,2,0.467252054311198,3e-04
"Otu679_Demospongiae",1,0,1,0.0351536939693728,0.8276
"Otu680_Demospongiae",0,1,2,0.133304658412684,0.4842
"Otu681_NA",0,1,2,0.44018232933567,5e-04
"Otu682_Hydrozoa",1,0,1,0.414927458104897,0.0012
"Otu685_NA",1,0,1,0.434627486279911,4e-04
"Otu686_Eukaryota",1,0,1,0.177662606497507,0.1965
"Otu687_Cnidaria",0,1,2,0.313873181656539,0.0123
"Otu693_Arthropoda",1,0,1,0.664777696162414,1e-04
"Otu694_Eukaryota",0,1,2,0.473302115943794,1e-04
"Otu695_Cnidaria",1,0,1,0.1502325244725,0.3705
"Otu697_Demospongiae",1,0,1,0.277576783968285,0.0373
"Otu698_Arthropoda",1,0,1,0.381196328601711,5e-04
"Otu699_Hydrozoa",1,0,1,0.445711332053715,3e-04
"Otu701_Eukaryota",1,0,1,0.427609336753224,2e-04
"Otu702_NA",0,1,2,0.452173602217943,3e-04
"Otu703_Arthropoda",1,0,1,0.406678827449158,4e-04
"Otu704_Eukaryota",0,1,2,0.320684986229591,0.0146
"Otu705_Eukaryota",0,1,2,0.392056707988699,3e-04
"Otu708_Eukaryota",0,1,2,0.439892247207195,3e-04
"Otu71_Hydrozoa",0,1,2,0.143410816978627,0.002
"Otu710_Polychaeta",0,1,2,0.129988404641507,0.7199
"Otu711_Eukaryota",1,0,1,0.479564424145488,1e-04
"Otu712_Gastropoda",1,0,1,0.380353493797043,0.002
"Otu716_NA",0,1,2,0.318509144721045,0.0128
"Otu718_Eukaryota",1,0,1,0.500082665124149,1e-04
"Otu719_Chordata",1,0,1,0.360872976131206,0.0042
"Otu720_NA",1,0,1,0.488829179403616,1e-04
"Otu727_Chordata",1,0,1,0.575808463143136,1e-04
"Otu729_Eukaryota",1,0,1,0.428290630966053,5e-04
"Otu732_Annelida",1,0,1,0.359955700485896,0.005
"Otu733_NA",0,1,2,0.515731520907695,1e-04
"Otu734_NA",0,1,2,0.0293960029092073,0.8627
"Otu735_Gastropoda",0,1,2,0.277757014113923,0.0305
"Otu736_Eukaryota",0,1,2,0.435379289499786,3e-04
"Otu738_NA",1,0,1,0.236311999711026,0.0845
"Otu739_Eukaryota",1,0,1,0.411509671638944,5e-04
"Otu74_Calocalanus",1,0,1,0.172637977877032,0.2405
"Otu740_Cnidaria",1,0,1,0.320081279656205,0.0054
"Otu741_Arthropoda",1,0,1,0.130188910980824,1
"Otu743_Arthropoda",0,1,2,0.327117143243,0.0105
"Otu744_NA",1,0,1,0.470149872433105,1e-04
"Otu746_Eukaryota",1,0,1,0.221867086919665,0.0817
"Otu748_NA",1,0,1,0.137339031267076,0.4965
"Otu749_Arthropoda",0,1,2,0.122144239374775,0.9697
"Otu751_Arthropoda",1,0,1,0.189055188538408,0.2208
"Otu752_Poecilosclerida",1,0,1,0.176480847984648,0.2806
"Otu754_NA",1,0,1,0.332830045393704,0.0067
"Otu755_NA",1,0,1,0.17852134032406,0.3636
"Otu757_Eukaryota",0,1,2,0.130188910980824,1
"Otu759_NA",0,1,2,0.446288005831283,3e-04
"Otu761_Eukaryota",0,1,2,0.00927717233318961,1
"Otu762_Eukaryota",0,1,2,0.190886557924666,0.0183
"Otu766_NA",0,1,2,0.485286256741961,1e-04
"Otu768_Arthropoda",1,0,1,0.104854021230638,0.4895
"Otu769_NA",0,1,2,0.0792913073519774,0.5955
"Otu77_Calocalanus",1,0,1,0.119495668503751,0.486
"Otu770_Arthropoda",0,1,2,0.432114176958597,2e-04
"Otu775_NA",1,0,1,0.126475297982452,0.4284
"Otu777_Cnidaria",1,0,1,0.0800640769025436,0.581
"Otu779_Eukaryota",0,1,2,0.420306667959126,6e-04
"Otu78_Arthropoda",0,1,2,0.0325944447649211,0.7526
"Otu780_Arthropoda",0,1,2,0.375783019848431,0.0023
"Otu781_NA",1,0,1,0.0621744966666995,0.6857
"Otu783_Arthropoda",1,0,1,0.373360362156795,7e-04
"Otu784_NA",1,0,1,0.129622825888967,0.3689
"Otu785_NA",0,1,2,0.45103667488207,1e-04
"Otu787_Arthropoda",0,1,2,0.460722030616139,3e-04
"Otu788_Hexanauplia",1,0,1,0.172931138612101,0.2365
"Otu790_NA",1,0,1,0.170705133004174,0.2139
"Otu791_NA",0,1,2,0.092903947430545,0.5391
"Otu792_NA",0,1,2,0.0407720106519701,0.7729
"Otu793_Arthropoda",1,0,1,0.0453039903246793,0.7706
"Otu795_Eukaryota",1,0,1,0.21248835953435,0.1138
"Otu797_Arthropoda",1,0,1,0.467909354045413,1e-04
"Otu798_NA",1,0,1,0.418159938411231,1e-04
"Otu799_Eukaryota",0,1,2,0.381471026838866,4e-04
"Otu8_Arthropoda",0,1,2,0.178612473460025,0.1572
"Otu80_Paracalanus",1,0,1,0.12146163938119,0.4999
"Otu800_Eukaryota",0,1,2,0.422518609632667,3e-04
"Otu802_Siganus",0,1,2,0.0664543519024083,0.6571
"Otu803_NA",1,0,1,0.150383603190693,0.2892
"Otu805_Eukaryota",1,0,1,0.16703337044698,0.2452
"Otu807_Eukaryota",0,1,2,0,1
"Otu808_NA",1,0,1,0.136204261807225,0.494
"Otu809_NA",1,0,1,0.103125896849284,0.4708
"Otu814_NA",1,0,1,0.506002615944814,1e-04
"Otu816_Arthropoda",1,0,1,0.155367438272769,0.2967
"Otu818_NA",1,0,1,0.486025176756251,1e-04
"Otu819_Arthropoda",1,0,1,0.110539755573398,0.5539
"Otu822_Hexanauplia",0,1,2,0.136138694765637,0.2927
"Otu825_NA",1,0,1,0.132298085661213,2e-04
"Otu826_Arthropoda",1,0,1,0.130188910980824,1
"Otu827_Eukaryota",1,0,1,0.220649005951745,0.0982
"Otu828_NA",0,1,2,0.446130564964072,2e-04
"Otu829_Trochida",0,1,2,0.129708120224078,0.8065
"Otu83_Gastropoda",1,0,1,0.130139277548448,0.515
"Otu835_NA",0,1,2,0.0831171634923383,0.6151
"Otu836_NA",1,0,1,0.232962135944706,0.0607
"Otu838_NA",0,1,2,0.635666296300618,1e-04
"Otu84_NA",1,0,1,0.145268112129577,0.1677
"Otu841_Eukaryota",1,0,1,0.319339747953278,0.0028
"Otu842_Eukaryota",1,0,1,0.192882714292073,0.2188
"Otu843_Eukaryota",1,0,1,0.200912878955114,0.1484
"Otu844_NA",1,0,1,0.430768290655222,3e-04
"Otu845_NA",1,0,1,0.00922963334579215,1
"Otu846_Metaconchoecia",1,0,1,0.120510669970603,0.4943
"Otu847_NA",0,1,2,0.396500958069707,9e-04
"Otu848_Eukaryota",1,0,1,0.0885858957443734,0.5468
"Otu85_Eukaryota",0,1,2,0.135935679513351,0.2959
"Otu850_NA",1,0,1,0.426797532594785,7e-04
"Otu853_Porifera",0,1,2,0.0326381117440288,0.8577
"Otu855_Tridentarius",1,0,1,0.219806764888086,0.0627
"Otu856_Eukaryota",1,0,1,0.0598856079719888,0.7361
"Otu857_Eukaryota",1,0,1,0.137975155670749,0.3566
"Otu858_Porifera",0,1,2,0.163846384103808,0.2522
"Otu859_Cnidaria",1,0,1,0.229354154018729,0.0909
"Otu86_Euchaeta",1,0,1,0.113955130439219,0.754
"Otu860_Eukaryota",0,1,2,0.0170871531543352,0.9501
"Otu861_Arthropoda",1,0,1,0.153278631278442,0.2949
"Otu862_Arthropoda",1,0,1,0.202971606934671,0.1537
"Otu863_NA",1,0,1,0.0813325708440558,0.5694
"Otu864_NA",1,0,1,0.14079697633918,0.3235
"Otu865_Arthropoda",1,0,1,0.377180313506834,0.0015
"Otu866_NA",1,0,1,0.142173179954828,0.4845
"Otu869_Ploima",1,0,1,0.28761726585009,0.0233
"Otu87_Echinodermata",1,0,1,0.134812818367863,2e-04
"Otu870_Demospongiae",1,0,1,0.130188910980824,1
"Otu872_Porifera",0,1,2,0,1
"Otu873_Eukaryota",1,0,1,0.392232270276368,0.0016
"Otu876_Eukaryota",1,0,1,0.370092534701959,0.0029
"Otu877_NA",1,0,1,0.465490571583958,2e-04
"Otu879_NA",1,0,1,0.0337579789027889,0.8599
"Otu880_Arthropoda",1,0,1,0.124837596062316,0.5013
"Otu884_Eukaryota",1,0,1,0.2676565405191,0.0485
"Otu885_Cnidaria",1,0,1,0.349563318607246,4e-04
"Otu886_NA",0,1,2,0.437440310855078,4e-04
"Otu887_Cnidaria",0,1,2,0.391194969774277,3e-04
"Otu888_Eukaryota",0,1,2,0.403435765229939,0.001
"Otu889_Hexanauplia",0,1,2,0.130752022866092,0.3581
"Otu89_Arthropoda",1,0,1,0.0821669667163551,0.6204
"Otu891_NA",1,0,1,0.0469294541775125,0.7478
"Otu892_Eukaryota",0,1,2,0.445174100524225,1e-04
"Otu893_Arthropoda",0,1,2,0.131287329067179,0.0802
"Otu895_Eukaryota",1,0,1,0.169060670272203,0.3137
"Otu898_Eukaryota",1,0,1,0.304852489416539,0.0068
"Otu899_Phyllodocida",1,0,1,0.118991419441481,0.4154
"Otu90_Hexanauplia",1,0,1,0.0893483095838311,0.926
"Otu900_Eukaryota",0,1,2,0.423558724801511,1e-04
"Otu901_Eukaryota",1,0,1,0.419920627420627,6e-04
"Otu902_NA",0,1,2,0.424736260364708,6e-04
"Otu903_Eukaryota",1,0,1,0.2771114586871,0.0377
"Otu905_NA",1,0,1,0.487713110004132,1e-04
"Otu906_Arthropoda",1,0,1,0.195217202360758,0.2318
"Otu907_NA",1,0,1,0.468861571749404,1e-04
"Otu91_Malacostraca",0,1,2,0.242998688893571,0.1164
"Otu913_Cnidaria",0,1,2,0.120054555700034,0.3903
"Otu915_Eukaryota",0,1,2,0.151685489007409,0.2846
"Otu916_Arthropoda",1,0,1,0.0645497224367903,0.6447
"Otu917_Leptothecata",0,1,2,0.445136907232267,1e-04
"Otu918_Eukaryota",1,0,1,0.436852028330519,2e-04
"Otu92_Eukaryota",1,0,1,0.13017870053747,0.5174
"Otu920_Cnidaria",1,0,1,0.0148633283673402,0.9521
"Otu921_NA",1,0,1,0.4879973773249,1e-04
"Otu922_Eukaryota",0,1,2,0.0787611381047396,0.6256
"Otu923_NA",0,1,2,0.0825217345484039,0.5592
"Otu925_NA",0,1,2,0.264084158598709,0.0466
"Otu926_Cassiopea",0,1,2,0.297004082705583,0.0208
"Otu928_NA",1,0,1,0.134130550202969,0.3561
"Otu929_Monostilifera",1,0,1,0.0339226765776379,0.9011
"Otu94_Eukaryota",1,0,1,0.130113575312768,0.5696
"Otu95_Hexanauplia",1,0,1,0.0129114330035742,0.7507
"Otu96_Decapoda",1,0,1,0.132259924249267,3e-04
"Otu97_Arthropoda",1,0,1,0.132201268540383,1e-04
"Otu98_Hexanauplia",0,1,2,0.00544038300028753,0.7539
"Otu99_Arthropoda",1,0,1,0.178037732035328,1e-04
